,name,phone number
0,Dr rafaello Vlasenko, 215-183-0246
1,miss Dido Rosbrough, 913 520 0662
2,MISS Drusie Merriday,0355
3,MRS Jillayne Kiloh,0087-407-5997
4,Rev VALERIA SHEVLANE,916-308-0837
5,REV Debera Stryde,+ 873-735-5162
6,REV Sargent Kibby,+ 711-239-5519
7,Miss Mandie Yakunchikov,988 350 0726
8,DR Analiese Egglestone,210-847-3262
9,Miss Trina Deeprose,558-691-3111
10,Mrs AMBROS MOULDS,+ 950-576-6969
11,Rev Jasmin Halloran,855-889-0982
12,Miss Husein Balding,+ 397-504-0587
13,Miss Barrie Howles,1977
14,dr DENVER DIMMNE,+ 824 616 7624
15,MR Saidee Kinnear,520-853-5915
16,Miss Dalila Mangeney,435 944 6605
17,REV andra Hechlin,00207 236 3362
18,Dr trudey Barnbrook,322-710-2953
19,ms Rube Rosencwaig,542-427-5102
20,Mr Mattie Janman,215 743 7884
21,Dr dougie Fairley,540-832-2298
22,Miss rod custed,0033-814-2371
23,ms ingrid stickings,0070-431-3190
24,Dr jonathon Kleinmann,332 559 6833
25,mr Leupold Briatt,0057-698-8700
26,Mr Pablo Bowyer,775-652-8142
27,REV Consuela Coupland, 748 111 3081
28,Rev Anders Bernardeschi,1961
29,Mrs WYNDHAM RATHKE,+ 677-669-1931
30,Ms shelagh maddern,+ 170-474-6125
31,Mr Shannon Cossom,575-136-0564
32,Ms Ninette Jillitt,+ 580-877-2968
33,Mrs Dulce Lankham,+ 426-945-0672
34,Mrs Lukas Gonnin,655-192-8998
35,Ms Maurine Firidolfi,205-264-0732
36,Ms Tatiania Nottle, 372 875 9524
37,Mr Warde Galliver,+ 758-850-2395
38,Miss Clarke Kalinsky,219-426-6038
39,Ms ANNI BRAHMS, 575-722-2771
40,Mrs Perla Hawyes,602-811-2536
41,Ms Ailis Toye,+ 790-814-7053
42,Ms Dyanne Chipping,0026-481-0716
43,Miss SHANNA SEAWARD,318 345 7832
44,Ms Vivie Abramovitz,229 698 9882
45,Mrs wilhelmina Berthomieu,+ 616-211-4527
46,dr Hermia Bonnin,00675-449-3771
47,rev Lisetta Worcester,3000
48,MRS Regan Domerque,+ 307-275-6256
49,Ms Leela Simper,+ 477-531-0695
50,ms Catlaina Grier,176-846-1357
51,Mr Rafi Wackley,971-300-8849
52,Mr shari Redmire,+ 984-358-0707
53,MR Ax O'Kinedy, 639 907 8152
54,MISS MYRAH ANDRIVEL,2717161137
55,Dr kellen frith,+ 695-276-8827
56,Dr Lothaire Provost,641-579-5332
57,Ms Gizela Dearing,+  103-221-6651
58,MRS lamont Smead,+ 429-936-7430
59,Ms Harriet Tringham,+ 116-341-3550
60,Dr Rosanne Reuter,+ 843-164-5335
61,Ms van ellin,361-126-3566
62,Mrs Deana Godbald,+ 832 867 6108
63,miss MATTIAS COPPLESTONE,+  265-672-9320
64,MR allina eppson,220 735 9590
65,Miss Lucho Lemm, 308-345-9376
66,Dr Garrott Lettley,454-130-0332
67,MRS Mal Rauprich,+ 405-653-2307
68,ms Stormie Dunphy,937-332-3527
69,Miss Lukas Dudenie,0044-670-6014
70,MISS IVETTE MAUGER,615-219-7581
71,Ms Berenice Croasdale,+  878-773-9133
72,ms Edgar Bottrell, 731-174-0498
73,MRS Vito Cornelleau,+ 469-180-8942
74,Mrs Brigham Pollock,550-407-4091
75,Rev Ingeborg Sheilds,6885
76,mrs catharina Leidl,00800-106-0189
77,Dr Shana Fane,+  254-790-3115
78,Mr Tibold McAvinchey,743 956 0045
79,Mr Desirae Birchenhead,0006-275-2109
80,Ms ELSBETH MACTRUSTRAM,+ 545-108-6180
81,Mr GERHARDT ELCOAT,0041-913-3917
82,Mrs SHIRLEY OLIPHARD,+ 161-935-4043
83,Dr Barry Peegrem,188-998-2342
84,Miss Harri Comberbeach,603-882-8598
85,dr Maddie Kenderdine,876 226 5336
86,Ms Weidar Hardson,9759
87,miss Myles Wynch,8184
88,Mr Flore Kieff,5077
89,Miss Maiga Rodinger,0096-920-9952
90,Ms batsheva kahan,7809
91,Mrs Di Casajuana,966 529 6029
92,Mrs Roz Vearnals,6365
93,Ms Dalenna McAulay,443-311-6323
94,mrs Joanie Dawidowitz,0012 717 7388
95,REV gun Ornillos,0036 831 9242
96,Rev Peg Splevins,212-524-1998
97,Mr Rosalind Beyer,+ 447 730 3458
98,Dr Wenonah O' Hern,0036-477-2705
99,Ms PATTIE SOPPETT,00622-354-4677
